<linker>
  <assembly fullname="Unity.Addressables, Version=0.0.0.0, Culture=neutral, PublicKeyToken=null" preserve="all">
    <type fullname="UnityEngine.AddressableAssets.Addressables" preserve="all" />
  </assembly>
  <assembly fullname="Unity.Localization, Version=0.0.0.0, Culture=neutral, PublicKeyToken=null">
    <type fullname="UnityEngine.Localization.Locale" preserve="all" />
    <type fullname="UnityEngine.Localization.Tables.SharedTableData" preserve="all" />
    <type fullname="UnityEngine.Localization.Tables.StringTable" preserve="all" />
    <type fullname="UnityEngine.Localization.Metadata.MetadataCollection" preserve="nothing" serialized="true" />
    <type fullname="UnityEngine.Localization.Tables.DistributedUIDGenerator" preserve="nothing" serialized="true" />
    <type fullname="UnityEngine.Localization.Tables.SharedTableData/SharedTableEntry" preserve="nothing" serialized="true" />
    <type fullname="UnityEngine.Localization.LocaleIdentifier" preserve="nothing" serialized="true" />
    <type fullname="UnityEngine.Localization.Tables.TableEntryData" preserve="nothing" serialized="true" />
  </assembly>
  <assembly fullname="Unity.ResourceManager, Version=0.0.0.0, Culture=neutral, PublicKeyToken=null" preserve="all">
    <type fullname="UnityEngine.ResourceManagement.ResourceProviders.AssetBundleProvider" preserve="all" />
    <type fullname="UnityEngine.ResourceManagement.ResourceProviders.BundledAssetProvider" preserve="all" />
    <type fullname="UnityEngine.ResourceManagement.ResourceProviders.InstanceProvider" preserve="all" />
    <type fullname="UnityEngine.ResourceManagement.ResourceProviders.LegacyResourcesProvider" preserve="all" />
    <type fullname="UnityEngine.ResourceManagement.ResourceProviders.SceneProvider" preserve="all" />
  </assembly>
  <assembly fullname="UnityEngine.CoreModule, Version=0.0.0.0, Culture=neutral, PublicKeyToken=null">
    <type fullname="UnityEngine.Object" preserve="all" />
  </assembly>
</linker>